CustomerID,Gender,Age,Annual Income (k$),Spending Score (1-100),City,cluster
1,Male,64,45,88,Indore,3
2,Female,55,86,98,Haldwani,4
3,Female,52,125,69,Haldwani,4
4,Male,35,97,61,Indore,1
5,Female,56,147,78,Haldwani,4
6,Female,35,91,21,Mandu,5
7,Female,26,114,49,Haldwani,5
8,Female,39,36,47,Indore,6
9,Female,18,60,22,Ajmera,6
10,Female,62,98,44,Indore,5
11,Male,53,116,55,Delhi,1
12,Male,18,23,65,Ajmera,3
13,Female,20,146,1,Haldwani,5
14,Female,50,105,69,Indore,4
15,Male,59,144,15,Ajmera,2
16,Male,41,95,5,Delhi,2
17,Male,44,36,62,Haldwani,3
18,Male,46,117,73,Mandu,1
19,Female,22,114,23,Haldwani,5
20,Female,48,127,44,Mandu,5
21,Male,23,120,64,Mandu,1
22,Male,30,132,65,Delhi,1
23,Male,42,52,37,Mandu,3
24,Male,27,110,100,Mandu,1
25,Male,19,102,46,Delhi,2
26,Male,61,99,25,Haldwani,2
27,Female,32,145,57,Indore,4
28,Female,65,113,47,Delhi,5
29,Male,19,61,35,Indore,3
30,Female,29,100,55,Ajmera,0
31,Female,41,45,31,Delhi,6
32,Female,38,116,76,Delhi,4
33,Male,23,38,41,Haldwani,3
34,Female,52,37,32,Indore,6
35,Male,31,118,2,Delhi,2
36,Male,27,65,42,Ajmera,3
37,Female,29,32,90,Indore,0
38,Female,54,67,26,Haldwani,6
39,Male,65,110,46,Ajmera,2
40,Male,25,20,27,Ajmera,6
41,Female,44,144,95,Ajmera,4
42,Female,62,122,34,Delhi,5
43,Male,54,94,35,Mandu,2
44,Male,26,133,77,Ajmera,1
45,Male,64,129,10,Ajmera,2
46,Female,26,85,7,Mandu,5
47,Female,59,68,67,Ajmera,0
48,Female,39,21,22,Ajmera,6
49,Male,41,128,1,Delhi,2
50,Male,56,116,24,Ajmera,2
51,Male,58,103,17,Mandu,2
52,Male,61,137,84,Indore,1
53,Female,38,106,29,Mandu,5
54,Female,52,69,86,Mandu,0
55,Female,22,17,82,Indore,0
56,Female,52,33,1,Delhi,6
57,Female,36,116,91,Mandu,4
58,Female,21,131,8,Mandu,5
59,Male,47,105,70,Mandu,1
60,Male,20,31,76,Mandu,3
61,Male,38,98,33,Haldwani,2
62,Female,58,85,94,Haldwani,4
63,Male,51,32,79,Ajmera,3
64,Male,47,79,70,Delhi,3
65,Male,54,111,55,Mandu,1
66,Male,26,41,64,Haldwani,3
67,Female,50,127,29,Mandu,5
68,Female,36,123,86,Indore,4
69,Female,64,83,53,Ajmera,0
70,Male,63,106,45,Ajmera,2
71,Male,49,138,77,Indore,1
72,Male,44,108,94,Delhi,1
73,Female,36,39,19,Haldwani,6
74,Male,22,108,80,Indore,1
75,Female,60,123,66,Mandu,4
76,Male,65,121,65,Haldwani,1
77,Male,36,30,75,Delhi,3
78,Female,52,103,96,Ajmera,4
79,Male,45,49,16,Ajmera,6
80,Male,37,67,90,Indore,3
81,Male,44,120,60,Ajmera,1
82,Male,46,74,75,Delhi,3
83,Male,48,97,15,Ajmera,2
84,Male,28,45,8,Haldwani,6
85,Female,31,29,91,Ajmera,0
86,Female,22,138,13,Mandu,5
87,Female,50,147,23,Delhi,5
88,Female,51,43,17,Delhi,6
89,Female,45,80,67,Ajmera,0
90,Male,54,78,31,Indore,2
91,Male,59,149,96,Indore,1
92,Female,25,125,22,Haldwani,5
93,Male,58,81,60,Haldwani,3
94,Male,23,65,65,Indore,3
95,Male,64,146,84,Ajmera,1
96,Male,47,21,57,Mandu,3
97,Female,42,121,84,Ajmera,4
98,Male,43,43,53,Delhi,3
99,Male,42,109,55,Haldwani,1
100,Female,48,111,86,Haldwani,4
